title,date_of_review,rating,text_of_review
Broken on arrival,2025-06-27,5,Pleasantly surprised by the quality.
Wish I could give zero,2024-09-30,1,"Highly disappointed, returning it."
Slow shipping,2024-08-16,4,"Packaging was damaged, but the product was fine."
One star,2024-12-22,1,Thrilled with this purchase!
Fantastic!,2024-12-07,5,Customer service was excellent and the product arrived on time.
Five stars,2024-11-26,3,"Two out of five stars, disappointed."
Bad quality,2024-10-14,5,"It's okay, but I've seen better."
My go-to choice,2024-09-25,3,Brilliant performance and design.
Not satisfied,2025-07-16,5,"Solid product, works well."
Terrible purchase,2025-05-10,2,Quality was lower than expected.
Top-notch,2024-09-17,1,My favorite purchase this year!
Misleading description,2025-06-02,1,Terrible. It stopped working within a week.
Five out of five,2025-03-08,2,Subpar materials used in this product.
Thrilled with purchase,2024-08-20,3,Decent quality for the price point.
Subpar,2024-08-19,1,Not satisfied with the overall performance.
Good value,2024-09-20,2,Very satisfied with my purchase.
Brilliant!,2024-11-23,1,I absolutely love this product. It works exactly as advertised and more!
Pleasantly surprised,2024-12-01,4,"Exceeded my hopes, very happy."
Worst ever,2025-04-19,3,One of the worst purchases ever.
Exceeded expectations,2025-06-08,4,This is now my go-to choice!
Great design,2024-08-17,3,It broke after just two uses. Very disappointed.
Not worth the price,2025-05-18,2,Design has multiple flaws.
Low quality,2024-11-13,3,Works exactly as described in the listing.
Terrible experience,2025-07-02,3,"Arrived broken, completely unusable."
Just okay,2025-07-29,2,Really exceeded my expectations!
Exceptional,2025-05-10,3,"Completely useless, do not buy this."
Would buy again,2025-03-06,1,The quality does not match the price. I expected better.
Unacceptable,2024-11-24,5,"I love the design, it looks great."
Hate it!,2025-03-21,2,Product performs superbly under all conditions.
Mediocre,2025-06-01,5,Fantastic experience overall. Would definitely recommend to friends.
Excellent service,2024-12-24,2,Wish I could give zero stars.
Love it!,2024-08-07,2,"Poor build quality, feels cheap."
Superb,2024-10-24,4,The product ruined my day.
Highly disappointed,2025-07-27,4,"Average at best, nothing special."
Very satisfied,2025-03-08,3,"Absolutely fantastic, would buy more."
Ruined my day,2025-01-25,5,I will never buy this again.
Impressive,2024-12-24,2,Impressive quality and design.
Amazing product!,2024-10-22,3,"Exceeded all my expectations, top-notch!"
Decent quality,2024-11-22,1,Worst purchase I have ever made.
Fast shipping,2025-01-23,2,"Unacceptable performance, do not recommend."
Two out of five,2024-09-25,1,Five out of five stars.
Never again,2024-09-20,3,"Terrible purchase, waste of money."
Exceeded my hopes,2025-02-14,4,"Took forever to arrive, not happy."
Awful,2024-09-22,3,"Good value for money, happy with the purchase."
Flawed design,2025-02-03,1,Purchased again after the first one was great.
Works as described,2025-01-27,2,Top-notch craftsmanship.
Poor packaging,2025-06-09,5,"Shipping was incredibly fast, received in two days."
Solid product,2024-12-17,3,"Description was misleading, not what I expected."
Highly recommend,2024-08-26,2,"Regret buying this, it does not work as described."
Disappointed,2025-03-27,4,"Service was excellent, the team was very helpful."
